title,category,essence,function,application,example,pitfall,pairs_with,source
"Der Held","Charakter-Archetyp","Die Figur im Zentrum der Geschichte, die durch die Handlung eine innere Wandlung durchläuft. Er verkörpert das Streben des Lesers nach Bedeutung und Selbstüberwindung.","Gibt dem Leser einen emotionalen Ankerpunkt und treibt die Handlung durch aktive Entscheidungen voran. Seine Schwächen erzeugen Konflikt, seine Entwicklung die Befriedigung.","Was will meine Figur bewusst – und was braucht sie wirklich? Wo weichen diese beiden Dinge voneinander ab?","Frodo Beutlin (Der Herr der Ringe), Luke Skywalker (Star Wars), Katniss Everdeen (Die Tribute von Panem)","Ein Held ohne echte Fehler oder Schwächen bleibt unnahbar und erzeugt keine emotionale Investition.","Die Wunde der Figur, Wunsch vs. Bedürfnis","Der Heros in tausend Gestalten, Joseph Campbell"
"Der Mentor","Charakter-Archetyp","Eine erfahrene Figur, die dem Helden Wissen, Werkzeuge oder Motivation mitgibt. Er verkörpert die höhere Weisheit, die der Held noch erwerben muss.","Ermöglicht glaubwürdige Exposition ohne Info-Dump, stellt Ausrüstung oder Aufgaben bereit und erhöht die Einsätze durch seinen späteren Tod oder Rückzug.","Welche entscheidende Lektion gibt mein Mentor dem Helden mit – und wann wird dieser sie erstmals missverstehen?","Gandalf (Der Herr der Ringe), Obi-Wan Kenobi (Star Wars), Dumbledore (Harry Potter), Haymitch (Die Tribute von Panem)","Ein Mentor, der zu viel löst, nimmt dem Helden die Handlungsmacht.","Der Mentorentod, Der Held","Der Heros in tausend Gestalten, Joseph Campbell"
"Der Schatten","Charakter-Archetyp","Der Antagonist oder die dunklere innere Kraft, die dem Helden gegenübersteht. Er spiegelt oft die unerfüllten Potenziale oder verdrängten Impulse des Helden.","Erzeugt den zentralen Konflikt und zwingt den Helden zur Konfrontation mit seiner eigenen Dunkelheit. Je ähnlicher Schatten und Held, desto stärker die Spannung.","Welche Eigenschaft des Antagonisten könnte auch in meinem Helden stecken – und unter welchen Umständen hätte der Held denselben Weg gewählt?","Voldemort (Harry Potter), Hannibal Lecter (Das Schweigen der Lämmer), Thanos (Avengers: Infinity War)","Ein Schatten, der nur böse ist ohne Motivation, erzeugt keine echte thematische Spannung.","Figur vs. sich selbst, Gegen-Thema","Die Archetypen und das kollektive Unbewusste, C.G. Jung"
"Der Gestaltwandler","Charakter-Archetyp","Eine Figur, deren Absichten und Loyalitäten für den Helden und den Leser schwer zu durchschauen sind. Sie changiert zwischen Vertrauen und Bedrohung.","Erzeugt Unsicherheit und Spannung. Hält den Leser in der Schwebe bezüglich Vertrauen und Verrat und ermöglicht überraschende Wendungen.","An welchem Punkt der Geschichte wechselt mein Gestaltwandler die scheinbare Seite – und wie bereite ich dies durch frühere Szenen vor?","Hans (Die Eiskönigin), Severus Snape (Harry Potter), Amy Dunne (Gone Girl)","Zu viele Gesinnungswechsel ohne innere Logik wirken beliebig statt spannend.","Falsche Fährte, Der Twist","Der Heros in tausend Gestalten, Joseph Campbell"
"Der Trickster","Charakter-Archetyp","Eine Figur, die durch Humor, List und regelwidriges Denken Konventionen bricht. Er steht außerhalb der sozialen Ordnung und hinterfragt sie.","Schafft Komödienmomente, löst Spannungsknoten durch Überraschung und spiegelt absurde oder ungerechte Systeme satirisch wider.","Welche ernste Situation in meiner Geschichte könnte durch die unerwartete Intervention eines Tricksters gebrochen und neu beleuchtet werden?","Loki (Nordische Mythologie / Marvel), Jack Sparrow (Fluch der Karibik), Fred & George Weasley (Harry Potter)","Ein Trickster, der nie Konsequenzen trägt, verliert seine dramatische Glaubwürdigkeit.","Ruhepause, Verbündeter",""
"Der Schwellenhüter","Charakter-Archetyp","Eine Figur oder Kraft, die den Zugang zu einer neuen Welt, Stufe oder Information bewacht. Sie testet die Bereitschaft des Helden.","Markiert narrative Übergänge, erhöht die Einsätze vor Schlüsselmomenten und zeigt dem Leser, dass der Held sich bewähren muss.","Welches Hindernis – eine Figur, eine Prüfung, eine innere Hemmung – steht am Eingang des nächsten Kapitels meiner Hauptfigur?","Die Wächter in Matrix, Zerberus (Griechische Mythologie), Gollum am Eingang zu Mordor","",  "Die Heldenreise, Szenenziel & Hindernisse","Der Heros in tausend Gestalten, Joseph Campbell"
"Der Herold","Charakter-Archetyp","Eine Figur oder ein Ereignis, das den Ruf zum Abenteuer überbringt und Wandel ankündigt. Er markiert den Beginn einer neuen Phase.","Setzt die Handlung in Gang und macht dem Protagonisten und dem Leser klar, dass die gewohnte Welt sich verändert hat oder verändern wird.","Wie kündigt sich der erste Bruch in der Alltagswelt meiner Figur an – durch eine Begegnung, eine Nachricht oder ein ungewöhnliches Ereignis?","Der Brief von Hogwarts (Harry Potter), R2-D2 mit Leias Botschaft (Star Wars)","","Die Heldenreise, In Medias Res","Der Heros in tausend Gestalten, Joseph Campbell"
"Der Verbündete","Charakter-Archetyp","Eine Figur, die den Helden auf seiner Reise begleitet, unterstützt und durch ihren eigenen Charakter bereichert.","Ermöglicht Dialog als Spiegel für die Gedanken des Helden, verteilt emotionale Last und kann als Kontrast zur Hauptfigur dienen.","Was bringt mein Verbündeter ein, das mein Held allein nicht hätte – und wo könnten ihre Ziele in Konflikt geraten?","Sam Gamgee (Der Herr der Ringe), Hermione & Ron (Harry Potter), Chewbacca (Star Wars)","Ein Verbündeter ohne eigene Wünsche und Fehler ist nur ein Werkzeug, keine Figur.","Kontrastfigur (Foil), Flacher Bogen",""
"Der Rebell","Charakter-Archetyp","Eine Figur, die sich gegen etablierte Normen, Autoritäten oder Systeme auflehnt. Er verkörpert den Wunsch nach Autonomie und Wandel.","Treibt gesellschaftliche Konflikte voran, gibt Außenseiter-Perspektiven und kann als Katalysator für den Wandel des Status quo dienen.","Gegen welches konkrete System oder welche Norm rebelliert meine Figur – und was kostet sie dieser Widerstand?","Katniss Everdeen (Die Tribute von Panem), McMurphy (Einer flog über das Kuckucksnest), V (V wie Vendetta)","Rebellion ohne persönliche Konsequenz erzeugt keine echte Spannung.","Figur vs. Gesellschaft, Negativer Bogen",""
"Die Heldenreise","Plot-Struktur","Ein universelles 12-stufiges Narrativmuster: von der gewohnten Welt über den Aufbruch und Prüfungen bis zur entscheidenden Konfrontation und Rückkehr mit Gewinn. Es spiegelt psychologische Reifungsprozesse wider.","Liefert ein bewährtes dramatisches Gerüst mit klaren emotionalen Wendepunkten, das über Kulturen und Genres hinweg funktioniert.","Wo steht meine Figur auf der Heldenreise – und welchen Schritt verweigert sie gerade noch?","Frodo (Der Herr der Ringe), Luke Skywalker (Star Wars), Simba (Der König der Löwen), Odysseus (Die Odyssee)","Zu sklavische Anwendung erzeugt vorhersehbare Geschichten; die Reise ist ein Kompass, kein Kochrezept.","Positiver Wandlungsbogen, Der Held","Der Heros in tausend Gestalten, Joseph Campbell; Die Odyssee des Drehbuchschreibers, Christopher Vogler"
"3-Akt-Struktur","Plot-Struktur","Die Geschichte gliedert sich in Exposition, Konfrontation und Auflösung, getrennt durch zwei Wendepunkte. Sie ist das meistgenutzte dramatische Grundgerüst des westlichen Erzählens.","Erzeugt einen klaren Rhythmus aus Aufbau, Eskalation und Auflösung, der die Erwartungen des Lesers intuitiv lenkt.","Was ist der erste Wendepunkt – der Moment, ab dem meine Figur die alte Welt nicht mehr zurücklassen kann? Was ist der zweite – der tiefste Punkt vor dem Finale?","Fast jeder Hollywoodfilm; Die Verwandlung (Kafka), Stolz und Vorurteil (Austen)","Die drei Akte nur als grobe Längen zu sehen statt als dramatische Funktionen führt zu flachen Mittelteilen.","Midpoint-Reversal, Scene & Sequel","Story, Robert McKee; Screenplay, Syd Field"
"Freytags Pyramide","Plot-Struktur","Ein 5-stufiges dramatisches Modell: Exposition, steigende Handlung, Klimax, fallende Handlung, Katastrophe/Auflösung. Ursprünglich für die antike und klassische Tragödie entwickelt.","Verdeutlicht den emotionalen Bogen eines Stücks und betont die Unausweichlichkeit der Klimax. Besonders für tragische und klassische Erzählungen geeignet.","Welcher Moment ist der absolute Hochpunkt meiner Geschichte – und ist jede Szene davor entweder Aufbau oder Abstieg auf diesen Moment hin?","Hamlet (Shakespeare), Ödipus Rex (Sophokles), Macbeth (Shakespeare)","","Tragischer Fehler, Negativer Bogen","Die Technik des Dramas, Gustav Freytag"
"Save the Cat! Beat Sheet","Plot-Struktur","Ein 15-Punkte-Schema für Drehbücher und Romane mit präzisen Positionen für jeden strukturellen Moment – von der Eröffnung bis zum Finale.","Gibt Autoren eine konkrete Checkliste für Pacing und Struktur und hilft, emotionale Leerstellen im Entwurf frühzeitig zu erkennen.","Habe ich einen »All is Lost«-Moment kurz vor dem Finale – den tiefsten Punkt, bevor meine Figur die letzte Transformation vollzieht?","Toy Story, Bridesmaids; als Struktur-Analyse: Harry Potter","Das Schema kann bei zu enger Anwendung auf Literatur zu formelhaftem Schreiben verleiten.","3-Akt-Struktur, Midpoint-Reversal","Save the Cat!, Blake Snyder"
"Sieben-Punkte-Struktur","Plot-Struktur","Eine Struktur mit sieben Kernpunkten: Aufhänger, Wendepunkt 1, Pinch Point 1, Midpoint, Pinch Point 2, Wendepunkt 2, Auflösung.","Betont das Zusammenspiel von äußerem und innerem Konflikt und ist besonders nützlich für mehrschichtige Fantasy- und Science-Fiction-Handlungen.","Was ist mein Midpoint – der Moment, in dem meine Figur aufhört zu reagieren und beginnt zu handeln?","Mistborn (Brandon Sanderson), Ender's Game (Orson Scott Card)","","Innere vs. äußere Reise, Wunsch vs. Bedürfnis","Vortrag Writing Excuses, Dan Wells"
"Kishōtenketsu","Plot-Struktur","Ein ostasiatisches Erzählmuster in vier Akten ohne zentralen Konflikt: Einführung, Entwicklung, Wendung, Auflösung. Spannung entsteht durch die überraschende Verbindung von Elementen.","Erzeugt Bedeutung durch Juxtaposition statt durch Konflikt und bietet ein radikales Gegenmodell zum westlichen konflikt-zentrierten Erzählen.","Welche zwei scheinbar unverbundenen Elemente meiner Geschichte können in einer überraschenden Wendung miteinander in Beziehung gesetzt werden?","Spirited Away (Miyazaki), viele Manga-Kurzgeschichten, klassische japanische Lyrik","Ohne eine wirklich überraschende Verbindung im dritten Akt wirkt die Struktur orientierungslos.","Der Twist, Thematische Frage",""
"Story Circle","Plot-Struktur","Eine vereinfachte Heldenreise in acht Schritten, die den Zyklus von Komfort, Wunsch, Fremdheit, Erlangung, Bezahlung und Rückkehr beschreibt.","Eignet sich besonders für Episodenformate und Kurzgeschichten; macht die emotionale Logik der Heldenreise sehr greifbar.","Was bringt meine Figur am Ende jedes Kapitels oder jeder Szene verändert zurück in ihren Ausgangszustand?","Rick and Morty (Harmon nutzt ihn explizit), Community, Breaking Bad","","Die Heldenreise, Scene & Sequel","Channel 101, Dan Harmon"
"Reise der Heldin","Plot-Struktur","Maureen Murdocks feministisches Gegenstück zur Heldenreise: Ablösung, Identifikation mit dem Maskulinen, Initiation, Abstieg in die Tiefe, spirituelle Hungersnot, Heilung der inneren Spaltung.","Bietet einen narrativen Rahmen für Geschichten über innere Ganzheit, die Überwindung von Rollenbildern und weibliche Protagonistinnen.","In welchem Moment beginnt meine Protagonistin, die Rüstung abzulegen, die sie sich für eine patriarchale Welt angelegt hat?","Moana, Mulan, Fleabag, Furiosa (Mad Max: Fury Road)","","Positiver Wandlungsbogen, Die Wunde","The Heroine's Journey, Maureen Murdock"
"MacGuffin","Story-Trope","Ein Objekt, Ziel oder Geheimnis, das die Figuren begehren und die Handlung antreibt – dessen tatsächlicher Inhalt für die Geschichte irrelevant ist.","Schafft einen konkreten Fokus für Konflikt und Motivation, ohne die Geschichte auf das Objekt selbst zu beschränken. Die eigentliche Geschichte spielt sich um die Figuren herum ab.","Was wollen alle Figuren in meiner Geschichte haben oder erreichen – und warum ist es letztlich egal, was es genau ist?","Der Aktenkoffer-Inhalt (Pulp Fiction), der Ring (Der Herr der Ringe), das Briefing in North by Northwest (Hitchcock)","Wenn der MacGuffin zu wichtig wird und erklärt werden muss, verliert er seine Funktion.","Chekhovs Gewehr, Szenenziel & Hindernisse","Konzept von Alfred Hitchcock popularisiert"
"Chekhovs Gewehr","Story-Trope","Jedes bedeutsam eingeführte Element einer Geschichte muss irgendwann eine Rolle spielen – und was später eine Rolle spielt, muss zuvor eingeführt worden sein.","Erzeugt ein Gefühl narrativer Dichte und Befriedigung: Der Leser fühlt, dass die Geschichte durchdacht ist und sich alles zusammenfügt.","Welche Details in meiner Eröffnungsszene kann ich so platzieren, dass sie im dritten Akt bedeutsam werden – ohne im ersten Moment zu auffällig zu sein?","Der Hammer in Thor (Marvel), der Zettel in Das Schweigen der Lämmer, die Rakete in Shrek","Zu offensichtliches Einführen wichtiger Elemente nimmt dem Twist seinen Effekt.","Vorausdeutung, Der Twist","Anton Tschechow, Brief an Lazarev-Gruzinski (1889)"
"Der Auserwählte","Story-Trope","Eine Figur, der durch Schicksal, Prophezeiung oder besondere Herkunft eine entscheidende Aufgabe zugesprochen wird. Sie ist prädestiniert, das Ungleichgewicht der Welt zu heilen.","Verleiht dem Protagonisten eine kosmische Bedeutung und erzeugt Spannung durch die Frage: Wird er seiner Bestimmung gerecht – oder scheitert er?","Wie subvertiert meine Geschichte die Erwartung des Auserwählten – durch Fehlbarkeit, Zweifel oder eine falsche Prophezeiung?","Harry Potter, Neo (Matrix), Anakin Skywalker (Star Wars)","Ohne Zweifel und Versagen wirkt der Auserwählte wie ein unfehlbarer Gott statt wie eine menschliche Figur.","Die Prophezeiung, Positiver Wandlungsbogen",""
"Falsche Fährte","Story-Trope","Ein irreführendes Element, das den Leser und die Figuren absichtlich in eine falsche Richtung lenkt, um eine Enthüllung vorzubereiten.","Hält die Spannung aufrecht, belohnt aufmerksame Leser im Nachhinein und ermöglicht überraschende Wendungen, die im Rückblick logisch erscheinen.","Welchen Verdächtigen, Hinweis oder scheinbaren Zusammenhang kann ich einbauen, der vom wahren Ergebnis ablenkt, ohne den Leser zu betrügen?","Severus Snape (Harry Potter), Mrs. Danvers (Rebecca), fast jede Krimihandlung","Zu viele falsche Fährten wirken billig; die wahre Lösung muss im Nachhinein logisch gewesen sein.","Der Twist, Unzuverlässiger Erzähler",""
"Der Twist","Story-Trope","Eine unerwartete Enthüllung, die das bisher Bekannte in neuem Licht erscheinen lässt und die Bedeutung der Geschichte grundlegend verändert.","Erzeugt maximale emotionale Wirkung durch Überraschung und Neubewertung. Ein guter Twist war im Nachhinein immer vorhersehbar.","Habe ich ausreichend Hinweise eingebaut, damit sich mein Twist im Rückblick unvermeidlich anfühlt – und nicht wie ein Zufallseinfall?","»Ich bin dein Vater« (Star Wars), Tyler Durden (Fight Club), The Sixth Sense","Ein Twist, der sich nicht aus dem vorherigen Material ableiten lässt, fühlt sich wie Betrug an.","Falsche Fährte, Chekhovs Gewehr",""
"Fish out of Water","Story-Trope","Eine Figur wird in eine fremde Umgebung oder Situation geworfen, in der ihre gewohnten Fähigkeiten und Regeln nicht mehr gelten.","Schafft sofortige Spannung durch Unwissenheit, ermöglicht organische Weltexposition und erzeugt Komik oder Tragik durch Missverständnisse.","Was ist in meiner Welt seltsam oder gefährlich, das einer Figur von außen erklärt werden muss – und wie kann diese Erklärung Konflikt erzeugen statt Info-Dump?","Elf (Will Ferrell), Thor (Marvel), Der Teufel trägt Prada","Die Außenseiterfigur als reines Expositionswerkzeug ohne eigene Agenda ist verschenkt.","Worldbuilding, Ich-Erzähler",""
"Enemies to Lovers","Story-Trope","Zwei Figuren, die zunächst in Konflikt stehen, entwickeln im Verlauf der Geschichte eine romantische oder tiefe emotionale Verbindung.","Erzeugt anhaltende Spannung, liefert natürliche Konfliktmomente und macht die endgültige Verbindung emotional befriedigend.","Was ist der spezifische Interessenkonflikt, der meine Figuren trennt – und was zwingt sie, diesen zu überwinden?","Darcy & Elizabeth (Stolz und Vorurteil), Han Solo & Leia (Star Wars), Beatrice & Benedikt (Viel Lärm um Nichts)","Die Feindschaft darf kein reines Missverständnis sein, das ein Gespräch lösen würde; echter Konflikt ist nötig.","Figur vs. Figur, Unterschwelliger Konflikt",""
"Der Mentorentod","Story-Trope","Der Mentor des Helden stirbt oder verlässt die Geschichte in einem wichtigen Moment, um den Helden zu zwingen, auf eigene Kräfte zu vertrauen.","Markiert den Übergang vom Lernenden zum Handelnden, erhöht die emotionalen Einsätze und gibt dem Helden einen persönlichen Verlust als Motivation.","Welchen Tod oder Abgang muss mein Held verkraften, bevor er die letzte Prüfung allein bestehen kann?","Obi-Wan Kenobi (Star Wars), Gandalf an der Brücke von Khazad-dûm, Mufasa (Der König der Löwen), Dumbledore (Harry Potter)","Der Tod des Mentors wirkt billig, wenn er kein Echo in der weiteren Handlung hat.","Der Mentor, Midpoint-Reversal",""
"Der Verrat","Story-Trope","Eine vertraute Figur entpuppt sich als Feind oder handelt gegen die Interessen des Protagonisten. Der Verrat erschüttert das emotionale Fundament der Geschichte.","Erzeugt maximale emotionale Wirkung, weil er persönlich ist. Erschüttert die Erwartungen des Lesers und öffnet neue Konfliktstränge.","Welche Figur hat der Leser am meisten ins Vertrauen gezogen – und wie habe ich diese Erwartung aufgebaut, um sie zu brechen?","Boromir (Der Herr der Ringe), Peter Pettigrew (Harry Potter), Cersei Lannister (Game of Thrones)","Ein Verrat ohne erkennbare Motivation wirkt unglaubwürdig und ärgerlich.","Der Gestaltwandler, Falsche Fährte",""
"Coming of Age","Story-Trope","Eine Figur – meist jung – wächst durch prägende Erfahrungen aus der Kindheit oder Adoleszenz in die Erwachsenenwelt hinein und verliert dabei eine Form der Unschuld.","Verbindet den Leser durch universelle Erfahrungen von Verlust, Identitätsfindung und erstem Schmerz emotional stark mit der Figur.","Welche spezifische Illusion oder welchen Schutz verliert meine Figur in dieser Geschichte – und wann genau passiert das?","Holden Caulfield (Der Fänger im Roggen), Scout Finch (Wer die Nachtigall stört), Bastian (Die unendliche Geschichte)","Coming of Age ohne echten Verlust oder Schmerz ist sentimental statt bewegend.","Positiver Wandlungsbogen, Wunsch vs. Bedürfnis",""
"Der Underdog","Story-Trope","Eine Figur oder Gruppe, die gegen übermächtige Gegner, Umstände oder Systeme kämpft und von niemandem erwartet wird zu gewinnen.","Aktiviert universelle Empathie, da der Leser naturgemäß für die Schwächeren Partei ergreift.","Welche konkrete Fähigkeit oder Eigenschaft gibt meinem Underdog eine echte, wenn auch unwahrscheinliche Chance?","Rocky Balboa (Rocky), Rudy Ruettiger (Rudy), Katniss (Die Tribute von Panem)","Ein Underdog, der ohne Vorbereitung oder Entwicklung gewinnt, enttäuscht; der Sieg muss verdient sein.","Figur vs. Gesellschaft, Positiver Wandlungsbogen",""
"Die Prophezeiung","Story-Trope","Eine Vorhersage über die Zukunft, die das Schicksal von Figuren oder Welten vorschreibt und so Handlungen motiviert oder auslöst.","Erzeugt Spannung durch die Frage der Erfüllung und ermöglicht thematische Erkundungen von Schicksal, freiem Willen und Self-fulfilling Prophecy.","Erfüllt sich meine Prophezeiung auf überraschende, aber im Nachhinein unvermeidliche Weise – oder wird sie bewusst subvertiert?","Macbeth (Shakespeare), Ödipus Rex (Sophokles), Anakin Skywalker als »der Auserwählte« (Star Wars)","Eine buchstäblich erfüllte Prophezeiung ohne Ironie oder Wendung ist vorhersehbar.","Der Auserwählte, Figur vs. Schicksal",""
"Poetische Gerechtigkeit","Story-Trope","Figuren erhalten am Ende der Geschichte das, was sie durch ihre Handlungen verdienen – Tugend wird belohnt, Laster bestraft.","Gibt dem Leser emotionale Befriedigung und unterstreicht das moralische Weltbild der Geschichte. Fehlt sie bewusst, entsteht Tragödie oder Sozialkritik.","Ergibt die Schlusssituation meiner Figuren organisch aus ihren früheren Entscheidungen – oder kommt sie von außen?","Gatsby (Der große Gatsby), Walter White (Breaking Bad), Schurken in Märchen","Zu mechanisch angewandte poetische Gerechtigkeit wirkt naiv; sie muss aus der Logik der Geschichte folgen.","Moralische Prämisse, Negativer Bogen",""
"Der widerwillige Held","Story-Trope","Ein Protagonist, der seine Aufgabe zunächst ablehnt und erst durch äußere Umstände oder Verlust in die Handlung gezwungen wird.","Macht den Helden menschlicher und nachvollziehbarer; die Weigerung macht die spätere Entscheidung zur Handlung bedeutungsvoller.","Was ist der genaue Moment und der präzise Grund, warum meine Figur nicht mehr nein sagen kann?","Bilbo Beutlin (Der Hobbit), Neo (Matrix), Rick Blaine (Casablanca)","Der Held darf die Weigerung nicht zu lange aufrechterhalten, sonst verliert er Sympathie.","Die Heldenreise, Wunsch vs. Bedürfnis",""
"Figur vs. sich selbst","Konfliktart","Der Hauptkonflikt liegt im Innern der Figur: innere Widersprüche, moralische Dilemmata, Sucht, Schuld oder Trauma kämpfen gegeneinander.","Erzeugt die tiefste emotionale Resonanz und ist das Fundament für jede ernsthafte Charakterentwicklung. Fast jede bedeutende Geschichte hat ihn als zweiten Konflikt.","Was kämpft in meiner Figur gegeneinander – und welche Entscheidung erzwingt die Geschichte, bei der es keine befriedigende Option gibt?","Hamlet (Shakespeare), Walter White (Breaking Bad), Gollum (Der Herr der Ringe), Nina (Black Swan)","","Tragischer Fehler, Die Lüge der Figur, Wunsch vs. Bedürfnis",""
"Figur vs. Figur","Konfliktart","Der Konflikt entsteht durch direkte Gegnerschaft zwischen zwei oder mehr Figuren mit unvereinbaren Zielen.","Erzeugt klare Spannung durch persönliche Feindschaft und ermöglicht Konfrontationsszenen, die Charakter enthüllen.","Was wollen meine Figuren genau, das sich gegenseitig ausschließt – und welche persönliche Geschichte verbindet sie jenseits des aktuellen Konflikts?","Sherlock Holmes & Moriarty (Arthur Conan Doyle), Salieri & Mozart (Amadeus), Jaime & Cersei (Game of Thrones)","","Der Gestaltwandler, Enemies to Lovers",""
"Figur vs. Gesellschaft","Konfliktart","Die Figur steht gegen ein System, eine Norm, eine Institution oder eine kollektive Erwartung, die sie einzwängt oder unterdrückt.","Ermöglicht gesellschaftskritische Themen und gibt dem Konflikt eine politische oder moralische Dimension jenseits des Persönlichen.","Welche spezifische Regel oder Struktur der Gesellschaft meiner Geschichte macht das Leben meiner Figur unmöglich?","Winston Smith (1984), Hester Prynne (Der scharlachrote Buchstabe), Atticus Finch (Wer die Nachtigall stört)","","Der Rebell, Moralische Prämisse",""
"Figur vs. Natur","Konfliktart","Die Figur kämpft gegen natürliche Kräfte: Sturm, Kälte, Wildnis, Tiere, Krankheit oder die eigene Sterblichkeit.","Stellt die menschliche Verletzlichkeit bloß, erzeugt unmittelbaren Überlebenskonflikt und nutzt die Natur oft als Symbol für innere Zustände.","Wie spiegelt das natürliche Hindernis, gegen das meine Figur kämpft, ihren inneren Zustand wider?","Moby Dick (Melville), Der alte Mann und das Meer (Hemingway), The Revenant, Life of Pi","","Naturspiegelung, Setting als Charakter",""
"Figur vs. Technologie","Konfliktart","Die Figur steht in Konflikt mit von Menschen geschaffenen Systemen, Maschinen oder technologischen Entwicklungen, die außer Kontrolle geraten sind oder entfremden.","Erlaubt Erkundungen von Entfremdung, Kontrolle und der Frage, was es bedeutet, Mensch zu sein. Zentral für Science-Fiction und Dystopie.","Ist die Technologie in meiner Geschichte ein Werkzeug, ein Gegner oder ein Spiegel menschlicher Ambitionen?","HAL 9000 (2001: Odyssee im Weltraum), Skynet (Terminator), Blade Runner, Frankenstein (Shelley)","","Worldbuilding, Hard Magic System",""
"Figur vs. Übernatürliches","Konfliktart","Die Figur trifft auf Kräfte oder Wesen, die jenseits des natürlichen Verständnisses liegen und die normalen Regeln der Welt außer Kraft setzen.","Erlaubt die Erkundung existenzieller Angst, religiöser oder spiritueller Themen und des Fremdartigen jenseits des Rationalen.","Was symbolisiert das übernatürliche Element meiner Geschichte – welche menschliche Angst oder welches Tabu gibt es der Figur preis?","Dracula (Stoker), Der Exorzist, Spuk in Hill House (Shirley Jackson)","","Soft Magic System, Setting & Atmosphäre",""
"Figur vs. Schicksal","Konfliktart","Die Figur kämpft gegen eine scheinbar vorherbestimmte Zukunft, eine Prophezeiung oder die Unvermeidlichkeit bestimmter Ereignisse an.","Erzeugt tiefe thematische Spannung um freien Willen, Würde im Angesicht der Unausweichlichkeit und die Natur von Zeit und Kausalität.","Weiß meine Figur von ihrem Schicksal – und wie verändert dieses Wissen ihr Handeln, auch wenn es das Ergebnis nicht ändern kann?","Ödipus Rex (Sophokles), Macbeth (Shakespeare), Arrival (Denis Villeneuve)","","Die Prophezeiung, Der Auserwählte",""
"Hard Magic System","Worldbuilding","Ein übernatürliches System mit klar definierten Regeln, Grenzen und Kosten, die der Autor vollständig offenlegt.","Ermöglicht Rätsel und Problemlösungen innerhalb der Fantasie, da der Leser die Regeln kennt und mitdenken kann. Baut Vertrauen durch Konsistenz auf.","Was sind die drei wichtigsten Regeln meines Systems – und was ist der größte Preis, den eine Figur für seine Nutzung zahlt?","Allomantik in Mistborn (Sanderson), Bending in Avatar – Der Herr der Elemente, Alchemie in Fullmetal Alchemist","Ein hartes System, das in der Auflösung plötzlich neue Regeln einführt, zerstört das Vertrauen des Lesers.","Sandersons Erstes Gesetz, Figur vs. Technologie","Sandersons Gesetze der Magie, Brandon Sanderson"
"Soft Magic System","Worldbuilding","Übernatürliche Kräfte in der Geschichte folgen vagen, unvollständig bekannten oder mystischen Regeln. Das Wunder bleibt rätselhaft.","Erzeugt Staunen, Bedrohung und Ehrfurcht. Eignet sich für atmosphärische, mythologische oder symbolisch aufgeladene Geschichten.","Welches Geheimnis behält das übernatürliche Element meiner Welt – und was verlöre die Geschichte, wenn es vollständig erklärt würde?","Gandalf (Der Herr der Ringe), Magie in A Song of Ice and Fire (Martin), Jonathan Strange & Mr Norrell (Clarke)","Ein zu weiches System kann keine Konflikte lösen, ohne sich wie Deus ex Machina anzufühlen.","Sandersons Erstes Gesetz, Figur vs. Übernatürliches","Sandersons Gesetze der Magie, Brandon Sanderson"
"Sandersons Erstes Gesetz","Worldbuilding","Der Autor kann Probleme in dem Maße mit Magie lösen, wie der Leser zuvor das System verstanden und Vertrauen in es gefasst hat. Unbekannte Magie löst keine Konflikte glaubwürdig.","Schützt vor dem Deus-ex-Machina-Vorwurf und zwingt den Autor, Foreshadowing und Exposition der übernatürlichen Elemente sorgfältig zu planen.","Welche magischen Fähigkeiten, die später das Problem lösen, habe ich dem Leser bereits vollständig demonstriert?","Mistborn (Sanderson); Das erste Zeigen von Magie in Harry Potter – Kapitel 1","","Hard Magic System, Chekhovs Gewehr","Sandersons Gesetze der Magie, Brandon Sanderson"
"Sandersons Zweites Gesetz","Worldbuilding","Schwächen und Grenzen eines magischen Systems sind interessanter als seine Stärken. Die Einschränkungen erzeugen Konflikt und Spannung.","Verhindert allmächtige Figuren, erzeugt Dilemma durch Ressourcenknappheit und zwingt den Autor zu kreativem Problemlösen innerhalb des Systems.","Was kann meine Figur mit ihrer besonderen Fähigkeit nicht tun – und macht genau diese Einschränkung die Geschichte spannender?","Kosten der Allomantik in Mistborn, Blutmagie in Fullmetal Alchemist","","Sandersons Erstes Gesetz, Tragischer Fehler","Sandersons Gesetze der Magie, Brandon Sanderson"
"Das Eisberg-Prinzip","Worldbuilding","Der Autor baut mehr Weltwissen auf als jemals explizit in der Geschichte erscheint. Die sichtbare Geschichte trägt auf einem gewaltigen, unsichtbaren Fundament.","Gibt dem Text Tiefe und Glaubwürdigkeit, weil Figuren und Umgebungen organisch auf ein größeres Ganzes verweisen, ohne es zu erklären.","Welche drei Aspekte meiner Welt kenne ich detailliert, die ich nie explizit erkläre – und wie schimmern sie in Dialogen und Handlungen durch?","Tolkiens Mittelerde (unzählige unveröffentlichte Hintergrundtexte), Dune (Herbert), Hemingways Prosa","","Sprechendes Detail, Soft Magic System","Eisberg-Theorie, Ernest Hemingway"
"Kultur & Gesellschaft","Worldbuilding","Die gesellschaftliche Organisation, Normen, Tabus und Machtstrukturen einer fiktiven Welt bestimmen, welche Konflikte möglich sind und was die Figuren antreibt.","Verankert Figuren in einer glaubwürdigen sozialen Realität und macht gesellschaftliche Konflikte organisch statt aufgesetzt.","Was ist in der Gesellschaft meiner Geschichte normal, was tabuisiert – und welche Figur bricht dieses Tabu?","Das Kastensystem in Schöne neue Welt (Huxley), Gilead in Der Report der Magd (Atwood)","","Figur vs. Gesellschaft, Ökonomie & Macht",""
"Ökonomie & Macht","Worldbuilding","Wer hat in der fiktiven Welt welche Ressourcen und welchen Einfluss? Ökonomische Strukturen bestimmen, wer handeln kann und wer nicht.","Gibt Konflikten eine materielle Basis und verhindert, dass die Handlung im Luftleeren schwebt. Macht Schurken glaubwürdig durch reale Interessenlagen.","Was wäre, wenn meine Figur kein Geld, keinen Status oder keine Verbündeten hätte? Was kann sie sich wirklich leisten?","Die Spice-Ökonomie in Dune, Machtstrukturen in Game of Thrones, Klassengesellschaft bei Dickens","","Figur vs. Gesellschaft, Kultur & Gesellschaft",""
"Technologische Paradigmen","Worldbuilding","Das technologische Niveau einer Welt bestimmt, welche Konflikte, Lösungen und Machtverhältnisse existieren können.","Setzt die Grenzen des Möglichen in einer Welt und erzeugt charakteristische Spannungen, z.B. Mensch vs. Maschine oder Tradition vs. Innovation.","Welche Technologie in meiner Welt verändert grundlegend, was Macht bedeutet – und wer hat Zugang zu ihr?","Dampfmaschinen in Steampunk-Romanen, KI in Blade Runner / Neuromancer (Gibson)","","Figur vs. Technologie, Hard Magic System",""
"In Medias Res","Pacing & Dynamik","Die Geschichte beginnt mitten in der Handlung, ohne lange Exposition. Der Leser wird direkt in einen Moment geworfen und erschließt den Kontext aus der Handlung heraus.","Erzeugt sofortigen Sog, vermeidet langsame Starts und zwingt den Leser durch Neugier in die Geschichte.","Was ist der spannendste oder aufschlussreichste Moment, mit dem ich meine Geschichte beginnen kann – und wie baue ich die nötige Exposition organisch danach ein?","Die Odyssee (Odysseus bereits auf See), Casino Royale, Fight Club (Erzähler bereits mit der Waffe am Kopf)","Zu wenig Orientierung zu Beginn kann den Leser verwirren statt fesseln.","Rückblende, Rahmenerzählung",""
"Zeitdruck","Pacing & Dynamik","Eine klare Deadline oder ein ablaufendes Zeitfenster, das die Figuren unter Druck setzt und das Scheitern mit einer konkreten, schlimmen Konsequenz verbindet.","Steigert Spannung mechanisch und unerbittlich. Verhindert, dass Figuren sich zu viel Zeit für Überlegungen nehmen.","Was passiert genau, wenn meine Figur diese Aufgabe nicht rechtzeitig abschließt – und ist diese Konsequenz für den Leser wirklich bedrohlich?","Speed (die Bombe im Bus), 24 (TV-Serie), Arrival (Denis Villeneuve)","Der Zeitdruck verliert seine Kraft, wenn er mehrfach verlängert wird ohne echte Konsequenz.","Cliffhanger, Midpoint-Reversal",""
"Vorausdeutung","Pacing & Dynamik","Subtile Hinweise, Symbole oder Szenen früh in der Geschichte, die spätere Ereignisse vorbereiten, ohne sie zu verraten.","Erzeugt rückwirkend das Gefühl narrativer Unvermeidlichkeit. Belohnt erneutes Lesen.","Welches Detail in meiner Eröffnung kann ich so platzieren, dass es beim zweiten Lesen deutlich auf das Ende verweist?","Die roten Rosen in American Beauty, die Schneekugel in Citizen Kane, Schechovs Pistole in unzähligen Krimis","Zu offensichtliches Foreshadowing nimmt dem Twist den Effekt; zu subtiles bemerkt niemand.","Chekhovs Gewehr, Der Twist",""
"Cliffhanger","Pacing & Dynamik","Ein Kapitel oder eine Szene endet an einem Punkt maximaler Spannung, kurz vor der Auflösung eines Konflikts.","Erzeugt zwingenden Lesedrang über Kapitelgrenzen hinaus und lässt das Buch schwer weglegbar erscheinen.","Was ist die schlimmste oder interessanteste mögliche Situation, in der ich meine Figur an einer Kapitelgrenze zurücklassen kann?","Dickens' Serienromane, Fast jede Folge von Game of Thrones, Dan Brown (The Da Vinci Code)","Zu viele Cliffhanger ohne Auflösung erzeugen Leser-Frustration statt Spannung.","Zeitdruck, Wendepunkt der Szene",""
"Midpoint-Reversal","Pacing & Dynamik","In der Mitte der Geschichte verändert sich die grundlegende Situation oder das Ziel der Hauptfigur radikal – ein Scheingewinn wird zum echten Problem oder umgekehrt.","Verhindert das Durchhängen im zweiten Akt, gibt der Geschichte neuen Schwung und schärft das Thema durch die Neudefinition des eigentlichen Problems.","Was glaubt meine Figur in der Mitte der Geschichte gewonnen zu haben – und was stellt sich dabei als Irrtum oder neue, größere Herausforderung heraus?","Der Tod von Marion Crane in Psycho (Hitchcock) als radikale Neuausrichtung; Scheingewinn in Star Wars Episode IV","","3-Akt-Struktur, Save the Cat! Beat Sheet",""
"Rückblende","Pacing & Dynamik","Die Handlung wird unterbrochen, um einen vergangenen Moment direkt zu zeigen oder zu erleben, der das Verständnis der aktuellen Situation vertieft.","Enthüllt Hintergrundinformation emotional statt expository, gibt Figuren Tiefe und kann Plottwists vorbereiten.","Welche Information über die Vergangenheit meiner Figur verändert die Bedeutung einer aktuellen Szene grundlegend – und wann ist der emotionalste Moment, sie zu enthüllen?","Citizen Kane (Struktur fast nur Rückblenden), Abbitte (McEwan), Lost (TV-Serie)","Zu frühe Rückblenden können die Spannung der Gegenwart brechen, bevor sie aufgebaut ist.","In Medias Res, Rahmenerzählung",""
"Slow Burn","Pacing & Dynamik","Spannung, Konflikte oder Beziehungen entwickeln sich über einen langen Zeitraum sehr graduell und subtil, bevor sie sich entladen.","Erzeugt intensive emotionale Investition, weil der Leser lange auf die Auflösung wartet. Besonders wirksam für Romantik, Thriller und psychologische Dramen.","Was ist die kleinste Eskalation, die ich pro Kapitel einbauen kann, damit mein Slow Burn voranschreitet ohne seinen Reiz zu verlieren?","Elizabeth & Darcy (Stolz und Vorurteil), Better Call Saul (Transformation zu Saul)","Ein Slow Burn ohne regelmäßige kleine Eskalationen stagniert und verliert den Leser.","Enemies to Lovers, Unterschwelliger Konflikt",""
"Ruhepause","Pacing & Dynamik","Eine Szene oder ein Kapitel, das nach intensiver Spannung emotionale Entlastung bietet: Humor, Freude, Ruhe, Verbindung zwischen Figuren.","Reguliert das Pacing und verhindert emotionale Taubheit durch konstante Spannung. Macht die nächste Eskalation wirksamer.","Welcher Moment nach einer Klimax-Szene ermöglicht meinen Figuren und dem Leser kurz zu atmen – und was kann diese Pause trotzdem für den Plot leisten?","Sam & Frodos Gespräch über Geschichten (Der Herr der Ringe), Lagerfeuernächte in Abenteuerromanen","Eine Ruhepause, die zu lang ist, tötet die aufgebaute Spannung.","Cliffhanger, Scene & Sequel",""
"Unzuverlässiger Erzähler","Perspektive","Ein Erzähler, der dem Leser absichtlich oder unwissentlich ein verzerrtes, unvollständiges oder falsches Bild der Ereignisse vermittelt.","Erzeugt Spannung durch die Frage, was wirklich passiert, und zwingt den Leser zur aktiven Interpretation. Enthüllt Figuren-Psychologie durch Auslassungen.","Was verschweigt, verdreht oder missversteht mein Erzähler – und welche Szenen zeigen dem aufmerksamen Leser die Risse in seiner Version der Wahrheit?","Stevens in Was vom Tage übrig blieb (Ishiguro), Amy Dunne (Gone Girl), Humbert Humbert (Lolita – Nabokov)","Der unzuverlässige Erzähler funktioniert nur, wenn die Unzuverlässigkeit rückwirkend nachvollziehbar ist.","Der Twist, Falsche Fährte",""
"Tiefer personaler Erzähler","Perspektive","Die Erzählung taucht so tief in das Bewusstsein der Figur ein, dass jeder Satz in ihrer Sprache, Wahrnehmung und emotionalen Realität gefärbt ist. Keine Distanz zwischen Figur und Leser.","Erzeugt maximale Empathie und Immersion. Jedes beschriebene Objekt sagt etwas über die innere Welt der Figur.","Erkenne ich in meinem Text noch Formulierungen, die der Autor statt die Figur sagen würde – und wie ersetze ich sie durch die Wahrnehmung meiner Figur?","Lyra Silvertongue in His Dark Materials (Pullman), Katniss (Die Tribute von Panem)","Deep POV mit einer unsympathischen oder uninteressanten Figur kann sehr ermüdend sein.","Ich-Erzähler, Bewusstseinsstrom",""
"Ich-Erzähler","Perspektive","Die Geschichte wird in der ersten Person erzählt. Der Erzähler ist Figur in der Geschichte und gibt dem Leser direkten Zugang zu einem einzigen Bewusstsein.","Erzeugt Intimität und Unmittelbarkeit. Schränkt das Wissen auf das ein, was die Figur tatsächlich weiß und erleben kann.","Was weiß mein Ich-Erzähler nicht – und wie nutze ich diese Lücke für Spannung oder späte Enthüllung?","Holden Caulfield (Der Fänger im Roggen), Scout Finch (Wer die Nachtigall stört), Ishmael (Moby Dick)","Der Ich-Erzähler kann keine Szenen glaubwürdig beschreiben, bei denen er nicht anwesend war.","Unzuverlässiger Erzähler, Tiefer personaler Erzähler",""
"Auktorialer Erzähler","Perspektive","Ein allwissender Erzähler außerhalb der Geschichte, der Zugang zu allen Figuren, Gedanken und Ereignissen hat und die Erzählung aktiv kommentiert.","Ermöglicht epische Geschichten mit vielen Figuren, Zeitsprünge und Ironie durch Kommentar-Distanz. Gibt dem Autor größte Flexibilität.","Wo nutzt mein Erzähler die Distanz zum Kommentieren – und wo sollte er eintauchen, um die Figur näher an den Leser zu bringen?","Leo Tolstoi (Krieg und Frieden), Jane Austen (Stolz und Vorurteil), Terry Pratchett (Scheibenwelt)","Auktorialer Kommentar kann die emotionale Immersion unterbrechen; sparsam einsetzen.","Multi-POV, Tiefer personaler Erzähler",""
"Multi-POV","Perspektive","Die Geschichte wird aus den Perspektiven mehrerer unterschiedlicher Figuren erzählt, jede mit ihrer eigenen Stimme und Wahrnehmung.","Erlaubt komplexe, mehrschichtige Handlungsstränge und enthüllt Wahrheit durch die Kombination verschiedener subjektiver Sichten.","Was sieht jede meiner POV-Figuren an einer Schlüsselszene anders – und wie verändert dieses Wissensgefälle die Spannung für den Leser?","A Song of Ice and Fire (Martin), Gone Girl (Flynn – Nick und Amy), Der Herr der Ringe","Zu viele POV-Figuren verwässern die emotionale Bindung; jede Perspektive muss einzigartig und notwendig sein.","Auktorialer Erzähler, Unzuverlässiger Erzähler",""
"Rahmenerzählung","Perspektive","Eine äußere Geschichte umschließt die eigentliche innere Erzählung. Ein Erzähler in der Rahmenhandlung berichtet von vergangenen Ereignissen.","Erzeugt Distanz und Kommentar, macht Auslassungen glaubwürdig, kann Spannung durch das Wissen aufbauen, dass der Erzähler überlebt hat.","Was weiß mein Rahmenerzähler schon vom Ende der Geschichte – und wie färbt dieses Wissen implizit seine Erzählung?","Frankenstein (Shelley – Briefe), Sturmhöhe (Brontë), Die Brautprinzessin, Der Hobbit","Ein Rahmen, der irrelevant für das Thema ist, verwirrt mehr als er hilft.","Rückblende, Unzuverlässiger Erzähler",""
"Bewusstseinsstrom","Perspektive","Die inneren Gedanken, Assoziationen und Wahrnehmungen einer Figur werden in ihrer natürlichen, assoziativen Unordnung direkt auf der Seite abgebildet.","Erzeugt maximale psychologische Nähe und eignet sich für die Darstellung von Trauma, Rausch, Verwirrung und intensiver innerer Erfahrung.","In welchem Moment der intensivsten psychologischen Belastung meiner Figur könnte ein Bewusstseinsstrom-Einschub die innere Wirklichkeit besser abbilden als geordnete Erzählung?","Ulysses (Joyce), Mrs. Dalloway (Woolf), Der Schall und der Zorn (Faulkner)","Länger angehaltener Bewusstseinsstrom ist für viele Leser schwer zugänglich; sparsam einsetzen.","Tiefer personaler Erzähler, Figur vs. sich selbst",""
"Thematische Frage","Thema & Motiv","Die zentrale moralische, philosophische oder emotionale Frage, die die Geschichte stellt und deren Antwort sie durch Handlung und Figuren ausarbeitet.","Gibt der Geschichte ein inneres Anliegen, das über den Plot hinausgeht, und verbindet alle Elemente zu einem kohärenten Ganzen.","Was ist die eine Frage, die meine Geschichte stellt – und wie lautet die implizite Antwort, die das Ende liefert?","»Welchen Preis hat Macht?« (Macbeth), »Kann ein Mensch sich wirklich ändern?« (Breaking Bad, Les Misérables)","","Moralische Prämisse, Gegen-Thema",""
"Moralische Prämisse","Thema & Motiv","Ein präziser Satz, der das Thema als kausale Formel ausdrückt: »[Laster] führt zu [Niederlage]; [Tugend] führt zu [Sieg].«","Gibt dem Autor einen Test für jede Szene: Trägt diese Szene zur moralischen Prämisse bei? Verhindert thematische Inkohärenz.","Lässt sich das Thema meiner Geschichte auf eine Prämisse komprimieren – und welche Figur verkörpert die positive, welche die negative Seite?","»Gier führt zu Zerstörung; Großzügigkeit zur Verbindung« (A Christmas Carol), »Hochmut führt zum Fall« (Macbeth)","","Thematische Frage, Gegen-Thema","Die moralische Prämisse, Stanley D. Williams"
"Leitmotiv","Thema & Motiv","Ein wiederkehrendes Element – ein Bild, ein Satz, ein Symbol, eine Melodie – das die thematische Tiefe trägt und die emotionalen Schichten der Geschichte verknüpft.","Erzeugt ein Gefühl narrativer Kohärenz und emotionaler Resonanz, das weit über den expliziten Inhalt hinausgeht.","Welches Bild, welcher Satz oder welches Objekt taucht an den wichtigsten emotionalen Momenten meiner Geschichte auf – und verändert seine Bedeutung dabei?","Der grüne Lichtpunkt (Der große Gatsby), Schnee in Die Toten (James Joyce), die Uhr in vielen Thriller-Narrativen","","Symbol, Thematische Frage",""
"Symbol","Thema & Motiv","Ein konkretes Objekt, eine Figur oder ein Ort, das eine abstrakte Idee oder ein Thema repräsentiert, das über seine wörtliche Bedeutung hinausgeht.","Ermöglicht die Verdichtung komplexer thematischer Aussagen in konkrete, emotional aufgeladene Bilder.","Welches Objekt in meiner Geschichte kann ich so aufbauen, dass es am Ende des Romans mehr bedeutet als am Anfang?","Der weiße Wal (Moby Dick), die gläserne Menagerie (Tennessee Williams), der scharlachrote Buchstabe (Hawthorne)","","Leitmotiv, Vorausdeutung",""
"Allegorie","Thema & Motiv","Eine Geschichte, in der Figuren, Orte und Ereignisse systematisch für Ideen, Zustände oder reale Situationen stehen, die eine zweite Bedeutungsebene erzeugen.","Ermöglicht Gesellschaftskritik und moralische Aussagen in fiktionalem Gewand, das direkte Kritik umgeht.","Auf welche reale Situation oder Ideologie spiegelt meine Geschichte – und welche Elemente der Allegorie sind für den Leser lesbar, welche versteckt?","Animal Farm (Orwell – Sowjetunion), Herr der Fliegen (Golding – Zivilisation vs. Barbarei)","Zu direkte Allegorie reduziert Figuren zu Symbolen ohne eigene Lebendigkeit.","Symbol, Moralische Prämisse",""
"Gegen-Thema","Thema & Motiv","Eine Figur oder ein Handlungsstrang, der die umgekehrte These zum Hauptthema verkörpert und damit die thematische Frage in Spannung hält.","Verhindert Vereinfachung und Predigton; zeigt, dass die Geschichte die Komplexität ihrer Frage ernst nimmt.","Wer in meiner Geschichte vertritt am überzeugendsten die entgegengesetzte Position zum Thema – und warum ist er nicht leicht zu widerlegen?","Iago als Gegen-Thema zu Vertrauen in Othello, Salieri als Gegen-Thema zu Mozarts Gnade-durch-Talent in Amadeus","","Thematische Frage, Der Schatten",""
"Scene & Sequel","Szenen-Handwerk","Jede dramatische Szene (Ziel → Konflikt → Desaster) folgt eine Reflexionsphase (Reaktion → Dilemma → Entscheidung), bevor die nächste Szene beginnt.","Gibt Lesern Zeit zur emotionalen Verarbeitung und verankert jede Szene in der inneren Logik der Figur, bevor sie wieder handelt.","Was entscheidet meine Figur am Ende der Sequel-Phase, das die nächste Szene mit einem neuen, konkreten Ziel startet?","Lee Child (Jack Reacher-Serie als Musterbeispiel für klare Scene-Sequel-Struktur), Genre-Fiction allgemein","","Szenenziel & Hindernisse, Innere vs. äußere Reise","Techniques of the Selling Writer, Dwight Swain"
"Szenenziel & Hindernisse","Szenen-Handwerk","Jede Szene braucht ein konkretes Ziel der Hauptfigur und ein echtes Hindernis, das das Erreichen dieses Ziels gefährdet.","Verhindert Szenen ohne dramatischen Zweck und stellt sicher, dass jede Seite Spannung trägt.","Was will meine POV-Figur in dieser Szene? Wer oder was verhindert es – und kann das Ergebnis schlimmer werden als erwartet?","Anwendbar auf jede gut konstruierte Szene; Grundlage in fast allen Struktur-Lehrbüchern","","Scene & Sequel, Wendepunkt der Szene",""
"Wendepunkt der Szene","Szenen-Handwerk","Der Moment in einer Szene, in dem sich der Wertzustand für die Hauptfigur verändert – von gut zu schlecht, von schlecht zu schlechter, von unsicher zu klar.","Definiert die dramatische Funktion der Szene. Ohne Turn ist die Szene kein Drama, sondern Beschreibung.","Welcher konkrete Moment in dieser Szene verändert die Lage meiner Figur – und ist diese Veränderung überraschend genug, um die Seite lohnenswert zu machen?","Das erste Verhör in einem Krimi, das Geständnis in einer Liebesszene, die Enthüllung in einem Dialog","","Szenenziel & Hindernisse, Cliffhanger","Story, Robert McKee"
"Spät rein / früh raus","Szenen-Handwerk","Beginne jede Szene so spät wie möglich (kurz vor dem entscheidenden Moment) und beende sie so früh wie möglich (kurz nach dem Wendepunkt).","Maximiert Pacing, eliminiert unnötige Warm-up-Dialoge und überflüssige Abwicklungen nach der eigentlichen Szene.","Wo beginnt meine Szene wirklich? Kann ich die ersten zwei Absätze streichen? Gibt es einen Absatz zu viel nach dem Turn?","Goldstandard in Drehbüchern; Ratschlag in Stephen Kings On Writing","","Wendepunkt der Szene, Doppelfunktion der Szene","Story, Robert McKee; On Writing, Stephen King"
"Doppelfunktion der Szene","Szenen-Handwerk","Jede Szene sollte mindestens zwei dramatische Funktionen gleichzeitig erfüllen: Plot voranbringen, Charakter enthüllen, Thema stärken oder Welt aufbauen.","Maximiert die Effizienz des Textes und vermeidet Szenen, die nur eine einzige Aufgabe haben und den Lesefluss bremsen.","Welche zweite Funktion kann ich meiner aktuellen Infoszene geben, damit sie gleichzeitig Charakter enthüllt oder Konflikt erzeugt?","Das Familienfrühstück in American Beauty (Familienkonflikt + Charakterisierung + Worldbuilding gleichzeitig)","Eine Szene, die drei oder vier Funktionen hat, verliert an Fokus; zwei ist die optimale Zahl.","Szenenziel & Hindernisse, Leitmotiv",""
"Der Beat","Szenen-Handwerk","Die kleinste dramatische Einheit: ein einzelner Austausch von Aktion und Reaktion zwischen Figuren oder innerhalb einer Figur, der eine minimale Veränderung bewirkt.","Beats sind die Atome des Dramas; eine Szene ist eine Folge von Beats. Wer Beats bewusst gestaltet, kontrolliert das Pacing auf Mikroebene.","Verlangsame eine Szene, indem du mehr Beats einfügst; beschleunige sie, indem du Beats zusammenfasst oder weglässt.","Schnelle Dialoge in Screwball-Komödien vs. schweigende Gegenüberstellungen in psychologischen Dramen","","Wendepunkt der Szene, Prosa-Rhythmus","Story, Robert McKee"
"Subtext","Dialog","Was Figuren wirklich meinen, fühlen oder wollen, wird nicht explizit gesagt, sondern schwingt unter der Oberfläche des gesprochenen Textes mit.","Macht Dialog schichtreich und glaubwürdig, weil echte Menschen selten direkt aussprechen, was sie wirklich wollen.","Was will jede Figur in diesem Dialog wirklich – und was sagen sie stattdessen? Sind diese zwei Dinge wirklich verschieden?","Der Abschiedsdialog in Casablanca, fast jede Szene in Harold Pinters Stücken, Szene im Café in Lost in Translation","Zu viel Subtext ohne gelegentliche Direktheit wirkt undurchdringlich; nicht jede Szene braucht verborgene Ebenen.","Unterschwelliger Konflikt, Das Ungesagte",""
"Unterschwelliger Konflikt","Dialog","Zwei Figuren sprechen über ein Thema, während sie eigentlich über etwas völlig anderes streiten – der eigentliche Konflikt liegt unter der sprachlichen Oberfläche.","Gibt Dialog Spannung und emotionale Dichte. Selbst eine scheinbar ruhige Szene kann explosive Intensität haben.","Was streiten meine Figuren wirklich, wenn sie über das Abendessen, das Wetter oder den Plan streiten?","Wer hat Angst vor Virginia Woolf? (Albee), Hills Like White Elephants (Hemingway)","","Subtext, Enemies to Lovers",""
"Figurenstimme","Dialog","Jede Figur spricht mit einem unverwechselbaren Vokabular, Rhythmus und Redeweise, die ihre Herkunft, Persönlichkeit und Weltanschauung widerspiegeln.","Macht Figuren ohne Zuschreibung erkennbar und lebendig; verhindert, dass alle Figuren wie der Autor klingen.","Könntest du den Figurennamen entfernen und den Dialog nur anhand des Sprachstils dem Sprecher zuordnen?","Hagrid vs. Dumbledore vs. Voldemort (Harry Potter), Gollum (Der Herr der Ringe), Yoda (Star Wars)","Dialekt in Schriftform kann Leser ausschließen oder stereotypisieren; sparsam einsetzen.","Subtext, Tiefer personaler Erzähler",""
"Das Ungesagte","Dialog","Das bedeutendste Gesprächselement ist manchmal das, was nicht gesagt wird – die Pause, das Schweigen, das Ausweichen.","Gibt dem Leser eine aktive Interpretationsaufgabe und erzeugt Spannung durch das Bewusstsein, dass etwas Wichtiges zurückgehalten wird.","Welche Aussage in meinem Dialog kann ich in Schweigen oder Themenwechsel verwandeln – und ist das Ungesagte für den Leser trotzdem verständlich?","Der Vorleser (Schlink), Pinter-Pausen in Bühnenstücken, Hemingways Kurzprosa allgemein","","Subtext, Figur vs. sich selbst",""
"Exposition im Dialog","Dialog","Der Versuch, Hintergrundinformation durch unnatürliche Dialoge zu vermitteln, bei denen Figuren Dinge sagen, die beide bereits wissen (»As you know, Bob...«).","Dieser Mechanismus sollte vermieden werden. Er entlarvt den Autor hinter der Fiktion und lässt Figuren wie Informationsbroschüren klingen.","Wer braucht in dieser Szene wirklich eine Information – und welche Figur weiß sie noch nicht? Nur dann darf erklärt werden.","»Wie du weißt, Bruder, ist unser Vater seit zwanzig Jahren König...« – Stilmittel des schlechten Expositions-Dialogs","Dies ist die Pitfall – die gesamte Karte ist eine Warnung.","Fish out of Water, In Medias Res",""
"Verbaler Schlagabtausch","Dialog","Schneller, witziger, oft spielerischer Wortaustausch zwischen Figuren, der Beziehung und Chemie zeigt, ohne Plot zu bewegen.","Erzeugt Sympathie, Pausen im Drama und lässt Figurenbeziehungen lebendig und real erscheinen.","Wie sprechen meine zwei engsten Verbündeten miteinander, wenn die Welt nicht untergeht – und verrät mir dieser Ton etwas über ihre echte Beziehung?","Sherlock Holmes & Watson, Han Solo & Leia (Star Wars), Benedikt & Beatrice (Viel Lärm um Nichts), Lorelai & Rory (Gilmore Girls)","Banter, der Plot-relevante Szenen ersetzt statt ergänzt, verlangsamt das Pacing.","Ruhepause, Figur vs. Figur",""
"Action Beat","Dialog","Eine kurze körperliche Handlung, die in einem Dialogaustausch eingeschoben wird, anstatt eines Attributionstags wie »sagte er«. Sie charakterisiert und gibt Tempo.","Verankert den Dialog im physischen Raum, zeigt Nervosität, Absicht oder Emotion durch Körpersprache statt durch Adverbien.","Welche Gewohnheit, Geste oder Körperhaltung verrät etwas über die innere Verfassung meiner Figur in diesem Moment?","Standardtechnik in moderner Prosa; als Prinzip: Show, don't tell","Zu viele oder klischeehafte Action Beats nerven statt zu charakterisieren.","Tiefer personaler Erzähler, Figurenstimme",""
"Positiver Wandlungsbogen","Charakter-Entwicklung","Eine Figur beginnt mit einer falschen Überzeugung oder Schwäche und wächst durch die Handlung zu einer Wahrheit, die sie am Anfang nicht erkennen konnte.","Erzeugt die tiefste emotionale Befriedigung, da der Leser die innere Reise ebenso verfolgt wie die äußere. Das Thema der Geschichte manifestiert sich im Bogen.","Was glaubt meine Figur zu Beginn fälschlicherweise über sich, andere oder die Welt – und welche Szene zwingt sie, diese Überzeugung aufzugeben?","Ebenezer Scrooge (A Christmas Carol), Elizabeth Bennet (Stolz und Vorurteil), Tony Stark (Iron Man), Simba (Der König der Löwen)","","Die Lüge der Figur, Wunsch vs. Bedürfnis","The Emotional Craft of Fiction, Donald Maass"
"Negativer Bogen","Charakter-Entwicklung","Eine Figur beginnt mit einer falschen Überzeugung und wird durch die Handlung tiefer in diese Lüge hineingezogen, bis sie scheitert oder fällt.","Erzeugt Tragödie und Sozialkritik. Der Leser sieht das Scheitern kommen und ist trotzdem gefesselt; das Thema wird durch das Scheitern enthüllt.","An welchem Punkt hat meine Figur die letzte Möglichkeit, sich anders zu entscheiden – und welche Szene markiert diesen unumkehrbaren Wendepunkt?","Macbeth (Shakespeare), Walter White (Breaking Bad), Anakin Skywalker (Star Wars)","","Tragischer Fehler, Figur vs. sich selbst",""
"Flacher Bogen","Charakter-Entwicklung","Eine Figur verändert sich kaum oder gar nicht – aber ihre konstante Überzeugung oder Haltung verändert die Welt oder die anderen Figuren um sie herum.","Ideal für Serienprotagonisten oder Archetypen. Die Spannung entsteht durch die Wirkung der Figur auf die Welt, nicht durch ihre eigene Wandlung.","Was ist die unveränderliche Überzeugung meiner Figur – und welche Welt oder welche anderen Figuren verändert sie damit?","Atticus Finch (Wer die Nachtigall stört), James Bond, Sherlock Holmes","","Gegen-Thema, Der Verbündete",""
"Wunsch vs. Bedürfnis","Charakter-Entwicklung","Was eine Figur bewusst anstrebt (Wunsch), ist selten das, was sie für ihre Entwicklung wirklich braucht (Bedürfnis). Die Geschichte führt sie vom Wunsch zum Bedürfnis.","Erzeugt inneren Konflikt und gibt der Handlung eine doppelte Erzählebene: die äußere Reise zum Wunsch, die innere Reise zum Bedürfnis.","Was will meine Figur, und was braucht sie wirklich? Wann begreift sie den Unterschied?","Simba will vergessen, braucht aber Verantwortung (Der König der Löwen); Tony Stark will Kontrolle, braucht Vertrauen (Iron Man)","","Die Lüge der Figur, Positiver Wandlungsbogen","Story, Robert McKee"
"Tragischer Fehler","Charakter-Entwicklung","Eine grundlegende Charakterschwäche, Blindheit oder Hybris einer Figur, die unweigerlich zu ihrem Scheitern oder Fall führt.","Macht Tragödie unvermeidlich und erhöht die moralische Tiefe der Geschichte. Der Leser sieht das Scheitern kommen, weil er die Schwäche versteht.","Was ist die eine Eigenschaft meiner Figur, die sie nicht erkennt oder nicht aufgeben will – und wie wende ich genau diese Eigenschaft gegen sie?","Macbeths Ehrgeiz, Othellos Eifersucht, Ahabs Obsession (Moby Dick), Walter Whites Stolz (Breaking Bad)","","Negativer Bogen, Figur vs. sich selbst","Poetik, Aristoteles"
"Die Wunde","Charakter-Entwicklung","Ein vergangenes Trauma oder Erlebnis, das die Figur geformt hat und aus dem ihre gegenwärtige Fehlfunktion, Angst oder Überzeugung stammt.","Gibt der Figur psychologische Tiefe und Glaubwürdigkeit; erklärt (ohne zu entschuldigen) ihr Fehlverhalten und macht sie menschlich.","Was ist das prägende negative Erlebnis in der Vergangenheit meiner Figur – und wie manifestiert es sich in einer ihrer Verhaltensweisen in der ersten Szene?","Katniss' Verlust des Vaters (Die Tribute von Panem), Batmans Elternmord, fast jeder traumatisierte Held im psychologischen Drama","","Die Lüge der Figur, Rückblende","The Emotional Craft of Fiction, Donald Maass"
"Die Lüge der Figur","Charakter-Entwicklung","Eine falsche Überzeugung über sich selbst, andere oder die Welt, die die Figur als Wahrheit behandelt und die ihr Handeln in selbstschädigender Weise steuert.","Ist der Motor des inneren Charakterbogens. Die Geschichte deckt Schicht für Schicht auf, warum diese Überzeugung falsch ist, bis die Figur sie aufgeben kann oder muss.","Formuliere die Lüge deiner Figur als konkreten Satz – und wie formt sie jede ihrer Entscheidungen?","»Keine echte Verbindung ist möglich« (Her), »Schwäche ist Schande« (Thor – Marvel), traumatisierte Überlebende in nahezu allen Psychodramen","","Wunsch vs. Bedürfnis, Die Wunde","The Story Grid, Shawn Coyne"
"Kontrastfigur","Charakter-Entwicklung","Eine Figur, die durch Kontrast die Eigenschaften der Hauptfigur hervorhebt. Sie verkörpert den Weg, den der Protagonist nicht gewählt hat oder nicht gehen kann.","Setzt die Eigenschaften der Hauptfigur in Relief, vertieft thematische Aussagen und schafft Spannung durch Alternative und Spiegelung.","Welche Entscheidung hat meine Kontrastfigur getroffen, die mein Protagonist nicht treffen konnte – und was sagt dieser Unterschied über das Thema der Geschichte aus?","Draco Malfoy als Foil zu Harry Potter, Laertes als Foil zu Hamlet, Gaston als Foil zu Beast (Die Schöne und das Biest)","","Der Schatten, Gegen-Thema",""
"Innere vs. äußere Reise","Charakter-Entwicklung","Jede Geschichte erzählt gleichzeitig eine äußere Handlung (Plot) und eine innere Reise (Charakterwandlung). Beide Ebenen müssen sich gegenseitig bedingen.","Gibt der Geschichte ihre zweite Dimension. Ohne innere Reise ist es nur Plot; ohne äußere Reise entsteht kein Drama.","Wie löst die Auflösung des äußeren Konflikts gleichzeitig die innere Wandlung meiner Figur – oder verunmöglicht sie?","Frodo vernichtet den Ring (äußere Reise) und verliert seine Unschuld und Heimat für immer (innere Reise, Der Herr der Ringe)","","Positiver Wandlungsbogen, Scene & Sequel",""
"Setting als Charakter","Setting & Atmosphäre","Ein Ort in der Geschichte besitzt eine so ausgeprägte, konsistente Atmosphäre, dass er wie eine eigenständige Figur in der Geschichte wirkt.","Macht die Welt lebendig und bedeutungsgeladen. Das Setting kommentiert Figuren und Thema, ohne explizit zu werden.","Welche drei konsistenten Eigenschaften hat mein Schauplatz – und wie verändert er sich, wenn sich die emotionale Lage meiner Figur verändert?","Manderley in Rebecca (Du Maurier), Hogwarts (Harry Potter), Spuk in Hill House (Shirley Jackson), Gotham City","","Naturspiegelung, Worldbuilding",""
"Stimmung","Setting & Atmosphäre","Die emotionale Atmosphäre, die eine Szene oder das gesamte Werk beim Leser erzeugt – Unbehagen, Melancholie, Aufregung, Geborgenheit.","Schafft den emotionalen Kontext, in dem der Leser die Handlung erlebt. Stimmung entsteht durch die Summe aller Stilmittel.","Welche drei spezifischen Sinneseindrücke (Klang, Geruch, Licht) kann ich einbauen, um die gewünschte Stimmung dieser Szene herzustellen?","Apokalyptische Dichte in The Road (McCarthy), beengende Klaustrophobie in Kafka, spielerische Leichtigkeit in Wodehouse","","Ton, Setting als Charakter",""
"Ton","Setting & Atmosphäre","Die Haltung des Autors (ausgedrückt durch die Erzählstimme) gegenüber dem Material: ironisch, ernst, humorvoll, distanziert, mitfühlend.","Definiert das Genre-Versprechen und steuert, wie der Leser Ereignisse wertet. Inkonsistenter Ton zerstört die Leser-Immersion.","Was ist die eine Haltung, die meine Erzählstimme gegenüber der Geschichte einnimmt – und halte ich diese über das gesamte Manuskript?","Grimmiger Realismus bei Cormac McCarthy, zarte Ironie bei Jane Austen, bitterer Sarkasmus in Catch-22 (Heller)","Unkontrollierter Tonwechsel (tragisch zu plötzlich komisch) zerstört die emotionale Kontinuität.","Stimmung, Figurenstimme",""
"Sinneseindrücke","Setting & Atmosphäre","Die bewusste Nutzung aller fünf Sinne – nicht nur Sehen – zur Beschreibung von Setting, Figuren und Ereignissen.","Verankert den Leser physisch in der Szene und erzeugt Immersion durch die Aktivierung von sensorischem Gedächtnis und Assoziation.","Welcher nicht-visuelle Sinneseindruck charakterisiert eine Schlüsselszene meiner Geschichte am besten – und wie kann ich ihn im Text verankern?","Der Geruch der Madeleines in Auf der Suche nach der verlorenen Zeit (Proust), Klangatmosphäre in Virginia Woolfs The Waves","Erzwungene Sinneseindrücke, die nicht zur Szene passen, wirken dekorativ statt immersiv.","Setting als Charakter, Tiefer personaler Erzähler",""
"Naturspiegelung","Setting & Atmosphäre","Die Natur oder Umgebung spiegelt den emotionalen Zustand einer Figur oder das dramatische Gewicht einer Szene wider.","Verstärkt emotionale Wirkung durch atmosphärische Resonanz ohne explizite Beschreibung von Gefühlen.","Welches Wetterelement oder Naturdetail könnte den inneren Zustand meiner Figur symbolisch verstärken – ohne klischeehaft zu sein?","Sturm in Shakespeares Tragödien (Lear, Macbeth), Sonnenschein nach Scrooges Wandlung (A Christmas Carol)","Zu direkte Entsprechung (Gewitter = böse, Sonne = gut) wirkt klischeehaft.","Setting als Charakter, Leitmotiv",""
"Sprechendes Detail","Setting & Atmosphäre","Ein einziges, präzise gewähltes Detail, das mehr charakterisiert oder atmosphärisiert als ein ganzer Beschreibungsabsatz.","Maximiert die Effizienz der Prosa. Ein sprechendes Detail gibt dem Leser Raum zur eigenen Vorstellung und vertraut ihm mehr als ausführliche Beschreibung.","Welches eine Detail in dieser Beschreibung trägt die gesamte emotionale oder charakterliche Last – und können alle anderen Beschreibungen weg?","Der eine Handschuh in einer Armutszene, die abgeknabberten Nägel der nervösen Figur, die zu saubere Wohnung im Thriller","Was als Detail gemeint ist, wird zur langen Beschreibung – weniger ist mehr.","Das Eisberg-Prinzip, Tiefer personaler Erzähler",""
